file_name;key_repr
xortool_out\000.out;b'otWKd'
xortool_out\001.out;b'nuVJe'
xortool_out\002.out;b'mvUIf'
xortool_out\003.out;b'lwTHg'
xortool_out\004.out;b'kpSO`'
xortool_out\005.out;b'jqRNa'
xortool_out\006.out;b'irQMb'
xortool_out\007.out;b'hsPLc'
xortool_out\008.out;b'g|_Cl'
xortool_out\009.out;b'f}^Bm'
xortool_out\010.out;b'e~]An'
xortool_out\011.out;b'd\x7f\\@o'
xortool_out\012.out;b'cx[Gh'
xortool_out\013.out;b'byZFi'
xortool_out\014.out;b'azYEj'
xortool_out\015.out;b'`{XDk'
xortool_out\016.out;b'\x7fdG[t'
xortool_out\017.out;b'~eFZu'
xortool_out\018.out;b'}fEYv'
xortool_out\019.out;b'|gDXw'
xortool_out\020.out;b'{`C_p'
xortool_out\021.out;b'zaB^q'
xortool_out\022.out;b'ybA]r'
xortool_out\023.out;b'xc@\\s'
xortool_out\024.out;b'wlOS|'
xortool_out\025.out;b'vmNR}'
xortool_out\026.out;b'unMQ~'
xortool_out\027.out;b'toLP\x7f'
xortool_out\028.out;b'shKWx'
xortool_out\029.out;b'riJVy'
xortool_out\030.out;b'qjIUz'
xortool_out\031.out;b'pkHT{'
xortool_out\032.out;b'OTwkD'
xortool_out\033.out;b'NUvjE'
xortool_out\034.out;b'MVuiF'
xortool_out\035.out;b'LWthG'
xortool_out\036.out;b'KPso@'
xortool_out\037.out;b'JQrnA'
xortool_out\038.out;b'IRqmB'
xortool_out\039.out;b'HSplC'
xortool_out\040.out;b'G\\\x7fcL'
xortool_out\041.out;b'F]~bM'
xortool_out\042.out;b'E^}aN'
xortool_out\043.out;b'D_|`O'
xortool_out\044.out;b'CX{gH'
xortool_out\045.out;b'BYzfI'
xortool_out\046.out;b'AZyeJ'
xortool_out\047.out;b'@[xdK'
xortool_out\048.out;b'_Dg{T'
xortool_out\049.out;b'^EfzU'
xortool_out\050.out;b']FeyV'
xortool_out\051.out;b'\\GdxW'
xortool_out\052.out;b'[@c\x7fP'
xortool_out\053.out;b'ZAb~Q'
xortool_out\054.out;b'YBa}R'
xortool_out\055.out;b'XC`|S'
xortool_out\056.out;b'WLos\\'
xortool_out\057.out;b'VMnr]'
xortool_out\058.out;b'UNmq^'
xortool_out\059.out;b'TOlp_'
xortool_out\060.out;b'SHkwX'
xortool_out\061.out;b'RIjvY'
xortool_out\062.out;b'QJiuZ'
xortool_out\063.out;b'PKht['
xortool_out\064.out;b'/4\x17\x0b$'
xortool_out\065.out;b'.5\x16\n%'
xortool_out\066.out;b'-6\x15\t&'
xortool_out\067.out;b",7\x14\x08'"
xortool_out\068.out;b'+0\x13\x0f '
xortool_out\069.out;b'*1\x12\x0e!'
xortool_out\070.out;b')2\x11\r"'
xortool_out\071.out;b'(3\x10\x0c#'
xortool_out\072.out;b"'<\x1f\x03,"
xortool_out\073.out;b'&=\x1e\x02-'
xortool_out\074.out;b'%>\x1d\x01.'
xortool_out\075.out;b'$?\x1c\x00/'
xortool_out\076.out;b'#8\x1b\x07('
xortool_out\077.out;b'"9\x1a\x06)'
xortool_out\078.out;b'!:\x19\x05*'
xortool_out\079.out;b' ;\x18\x04+'
xortool_out\080.out;b'?$\x07\x1b4'
xortool_out\081.out;b'>%\x06\x1a5'
xortool_out\082.out;b'=&\x05\x196'
xortool_out\083.out;b"<'\x04\x187"
xortool_out\084.out;b'; \x03\x1f0'
xortool_out\085.out;b':!\x02\x1e1'
xortool_out\086.out;b'9"\x01\x1d2'
xortool_out\087.out;b'8#\x00\x1c3'
xortool_out\088.out;b'7,\x0f\x13<'
xortool_out\089.out;b'6-\x0e\x12='
xortool_out\090.out;b'5.\r\x11>'
xortool_out\091.out;b'4/\x0c\x10?'
xortool_out\092.out;b'3(\x0b\x178'
xortool_out\093.out;b'2)\n\x169'
xortool_out\094.out;b'1*\t\x15:'
xortool_out\095.out;b'0+\x08\x14;'
xortool_out\096.out;b'\x0f\x147+\x04'
xortool_out\097.out;b'\x0e\x156*\x05'
xortool_out\098.out;b'\r\x165)\x06'
xortool_out\099.out;b'\x0c\x174(\x07'
xortool_out\100.out;b'\x0b\x103/\x00'
xortool_out\101.out;b'\n\x112.\x01'
xortool_out\102.out;b'\t\x121-\x02'
xortool_out\103.out;b'\x08\x130,\x03'
xortool_out\104.out;b'\x07\x1c?#\x0c'
xortool_out\105.out;b'\x06\x1d>"\r'
xortool_out\106.out;b'\x05\x1e=!\x0e'
xortool_out\107.out;b'\x04\x1f< \x0f'
xortool_out\108.out;b"\x03\x18;'\x08"
xortool_out\109.out;b'\x02\x19:&\t'
xortool_out\110.out;b'\x01\x1a9%\n'
xortool_out\111.out;b'\x00\x1b8$\x0b'
xortool_out\112.out;b"\x1f\x04';\x14"
xortool_out\113.out;b'\x1e\x05&:\x15'
xortool_out\114.out;b'\x1d\x06%9\x16'
xortool_out\115.out;b'\x1c\x07$8\x17'
xortool_out\116.out;b'\x1b\x00#?\x10'
xortool_out\117.out;b'\x1a\x01">\x11'
xortool_out\118.out;b'\x19\x02!=\x12'
xortool_out\119.out;b'\x18\x03 <\x13'
xortool_out\120.out;b'\x17\x0c/3\x1c'
xortool_out\121.out;b'\x16\r.2\x1d'
xortool_out\122.out;b'\x15\x0e-1\x1e'
xortool_out\123.out;b'\x14\x0f,0\x1f'
xortool_out\124.out;b'\x13\x08+7\x18'
xortool_out\125.out;b'\x12\t*6\x19'
xortool_out\126.out;b'\x11\n)5\x1a'
xortool_out\127.out;b'\x10\x0b(4\x1b'
xortool_out\128.out;b'\xef\xf4\xd7\xcb\xe4'
xortool_out\129.out;b'\xee\xf5\xd6\xca\xe5'
xortool_out\130.out;b'\xed\xf6\xd5\xc9\xe6'
xortool_out\131.out;b'\xec\xf7\xd4\xc8\xe7'
xortool_out\132.out;b'\xeb\xf0\xd3\xcf\xe0'
xortool_out\133.out;b'\xea\xf1\xd2\xce\xe1'
xortool_out\134.out;b'\xe9\xf2\xd1\xcd\xe2'
xortool_out\135.out;b'\xe8\xf3\xd0\xcc\xe3'
xortool_out\136.out;b'\xe7\xfc\xdf\xc3\xec'
xortool_out\137.out;b'\xe6\xfd\xde\xc2\xed'
xortool_out\138.out;b'\xe5\xfe\xdd\xc1\xee'
xortool_out\139.out;b'\xe4\xff\xdc\xc0\xef'
xortool_out\140.out;b'\xe3\xf8\xdb\xc7\xe8'
xortool_out\141.out;b'\xe2\xf9\xda\xc6\xe9'
xortool_out\142.out;b'\xe1\xfa\xd9\xc5\xea'
xortool_out\143.out;b'\xe0\xfb\xd8\xc4\xeb'
xortool_out\144.out;b'\xff\xe4\xc7\xdb\xf4'
xortool_out\145.out;b'\xfe\xe5\xc6\xda\xf5'
xortool_out\146.out;b'\xfd\xe6\xc5\xd9\xf6'
xortool_out\147.out;b'\xfc\xe7\xc4\xd8\xf7'
xortool_out\148.out;b'\xfb\xe0\xc3\xdf\xf0'
xortool_out\149.out;b'\xfa\xe1\xc2\xde\xf1'
xortool_out\150.out;b'\xf9\xe2\xc1\xdd\xf2'
xortool_out\151.out;b'\xf8\xe3\xc0\xdc\xf3'
xortool_out\152.out;b'\xf7\xec\xcf\xd3\xfc'
xortool_out\153.out;b'\xf6\xed\xce\xd2\xfd'
xortool_out\154.out;b'\xf5\xee\xcd\xd1\xfe'
xortool_out\155.out;b'\xf4\xef\xcc\xd0\xff'
xortool_out\156.out;b'\xf3\xe8\xcb\xd7\xf8'
xortool_out\157.out;b'\xf2\xe9\xca\xd6\xf9'
xortool_out\158.out;b'\xf1\xea\xc9\xd5\xfa'
xortool_out\159.out;b'\xf0\xeb\xc8\xd4\xfb'
xortool_out\160.out;b'\xcf\xd4\xf7\xeb\xc4'
xortool_out\161.out;b'\xce\xd5\xf6\xea\xc5'
xortool_out\162.out;b'\xcd\xd6\xf5\xe9\xc6'
xortool_out\163.out;b'\xcc\xd7\xf4\xe8\xc7'
xortool_out\164.out;b'\xcb\xd0\xf3\xef\xc0'
xortool_out\165.out;b'\xca\xd1\xf2\xee\xc1'
xortool_out\166.out;b'\xc9\xd2\xf1\xed\xc2'
xortool_out\167.out;b'\xc8\xd3\xf0\xec\xc3'
xortool_out\168.out;b'\xc7\xdc\xff\xe3\xcc'
xortool_out\169.out;b'\xc6\xdd\xfe\xe2\xcd'
xortool_out\170.out;b'\xc5\xde\xfd\xe1\xce'
xortool_out\171.out;b'\xc4\xdf\xfc\xe0\xcf'
xortool_out\172.out;b'\xc3\xd8\xfb\xe7\xc8'
xortool_out\173.out;b'\xc2\xd9\xfa\xe6\xc9'
xortool_out\174.out;b'\xc1\xda\xf9\xe5\xca'
xortool_out\175.out;b'\xc0\xdb\xf8\xe4\xcb'
xortool_out\176.out;b'\xdf\xc4\xe7\xfb\xd4'
xortool_out\177.out;b'\xde\xc5\xe6\xfa\xd5'
xortool_out\178.out;b'\xdd\xc6\xe5\xf9\xd6'
xortool_out\179.out;b'\xdc\xc7\xe4\xf8\xd7'
xortool_out\180.out;b'\xdb\xc0\xe3\xff\xd0'
xortool_out\181.out;b'\xda\xc1\xe2\xfe\xd1'
xortool_out\182.out;b'\xd9\xc2\xe1\xfd\xd2'
xortool_out\183.out;b'\xd8\xc3\xe0\xfc\xd3'
xortool_out\184.out;b'\xd7\xcc\xef\xf3\xdc'
xortool_out\185.out;b'\xd6\xcd\xee\xf2\xdd'
xortool_out\186.out;b'\xd5\xce\xed\xf1\xde'
xortool_out\187.out;b'\xd4\xcf\xec\xf0\xdf'
xortool_out\188.out;b'\xd3\xc8\xeb\xf7\xd8'
xortool_out\189.out;b'\xd2\xc9\xea\xf6\xd9'
xortool_out\190.out;b'\xd1\xca\xe9\xf5\xda'
xortool_out\191.out;b'\xd0\xcb\xe8\xf4\xdb'
xortool_out\192.out;b'\xaf\xb4\x97\x8b\xa4'
xortool_out\193.out;b'\xae\xb5\x96\x8a\xa5'
xortool_out\194.out;b'\xad\xb6\x95\x89\xa6'
xortool_out\195.out;b'\xac\xb7\x94\x88\xa7'
xortool_out\196.out;b'\xab\xb0\x93\x8f\xa0'
xortool_out\197.out;b'\xaa\xb1\x92\x8e\xa1'
xortool_out\198.out;b'\xa9\xb2\x91\x8d\xa2'
xortool_out\199.out;b'\xa8\xb3\x90\x8c\xa3'
xortool_out\200.out;b'\xa7\xbc\x9f\x83\xac'
xortool_out\201.out;b'\xa6\xbd\x9e\x82\xad'
xortool_out\202.out;b'\xa5\xbe\x9d\x81\xae'
xortool_out\203.out;b'\xa4\xbf\x9c\x80\xaf'
xortool_out\204.out;b'\xa3\xb8\x9b\x87\xa8'
xortool_out\205.out;b'\xa2\xb9\x9a\x86\xa9'
xortool_out\206.out;b'\xa1\xba\x99\x85\xaa'
xortool_out\207.out;b'\xa0\xbb\x98\x84\xab'
xortool_out\208.out;b'\xbf\xa4\x87\x9b\xb4'
xortool_out\209.out;b'\xbe\xa5\x86\x9a\xb5'
xortool_out\210.out;b'\xbd\xa6\x85\x99\xb6'
xortool_out\211.out;b'\xbc\xa7\x84\x98\xb7'
xortool_out\212.out;b'\xbb\xa0\x83\x9f\xb0'
xortool_out\213.out;b'\xba\xa1\x82\x9e\xb1'
xortool_out\214.out;b'\xb9\xa2\x81\x9d\xb2'
xortool_out\215.out;b'\xb8\xa3\x80\x9c\xb3'
xortool_out\216.out;b'\xb7\xac\x8f\x93\xbc'
xortool_out\217.out;b'\xb6\xad\x8e\x92\xbd'
xortool_out\218.out;b'\xb5\xae\x8d\x91\xbe'
xortool_out\219.out;b'\xb4\xaf\x8c\x90\xbf'
xortool_out\220.out;b'\xb3\xa8\x8b\x97\xb8'
xortool_out\221.out;b'\xb2\xa9\x8a\x96\xb9'
xortool_out\222.out;b'\xb1\xaa\x89\x95\xba'
xortool_out\223.out;b'\xb0\xab\x88\x94\xbb'
xortool_out\224.out;b'\x8f\x94\xb7\xab\x84'
xortool_out\225.out;b'\x8e\x95\xb6\xaa\x85'
xortool_out\226.out;b'\x8d\x96\xb5\xa9\x86'
xortool_out\227.out;b'\x8c\x97\xb4\xa8\x87'
xortool_out\228.out;b'\x8b\x90\xb3\xaf\x80'
xortool_out\229.out;b'\x8a\x91\xb2\xae\x81'
xortool_out\230.out;b'\x89\x92\xb1\xad\x82'
xortool_out\231.out;b'\x88\x93\xb0\xac\x83'
xortool_out\232.out;b'\x87\x9c\xbf\xa3\x8c'
xortool_out\233.out;b'\x86\x9d\xbe\xa2\x8d'
xortool_out\234.out;b'\x85\x9e\xbd\xa1\x8e'
xortool_out\235.out;b'\x84\x9f\xbc\xa0\x8f'
xortool_out\236.out;b'\x83\x98\xbb\xa7\x88'
xortool_out\237.out;b'\x82\x99\xba\xa6\x89'
xortool_out\238.out;b'\x81\x9a\xb9\xa5\x8a'
xortool_out\239.out;b'\x80\x9b\xb8\xa4\x8b'
xortool_out\240.out;b'\x9f\x84\xa7\xbb\x94'
xortool_out\241.out;b'\x9e\x85\xa6\xba\x95'
xortool_out\242.out;b'\x9d\x86\xa5\xb9\x96'
xortool_out\243.out;b'\x9c\x87\xa4\xb8\x97'
xortool_out\244.out;b'\x9b\x80\xa3\xbf\x90'
xortool_out\245.out;b'\x9a\x81\xa2\xbe\x91'
xortool_out\246.out;b'\x99\x82\xa1\xbd\x92'
xortool_out\247.out;b'\x98\x83\xa0\xbc\x93'
xortool_out\248.out;b'\x97\x8c\xaf\xb3\x9c'
xortool_out\249.out;b'\x96\x8d\xae\xb2\x9d'
xortool_out\250.out;b'\x95\x8e\xad\xb1\x9e'
xortool_out\251.out;b'\x94\x8f\xac\xb0\x9f'
xortool_out\252.out;b'\x93\x88\xab\xb7\x98'
xortool_out\253.out;b'\x92\x89\xaa\xb6\x99'
xortool_out\254.out;b'\x91\x8a\xa9\xb5\x9a'
xortool_out\255.out;b'\x90\x8b\xa8\xb4\x9b'
